period,month,quarter,target_revenue
1,1,1,10340000.0
2,2,1,12220000.0
3,3,1,13160000.000000002
4,4,2,17860000.0
5,5,2,14100000.0
6,6,2,15040000.0
7,7,3,17860000.0
8,8,3,14664000.0
9,9,3,15980000.000000002
10,10,4,19740000.0
11,11,4,19176000.0
12,12,4,17860000.0
