{
  "gap": 10642739.39430812,
  "gap_pct": 5.66,
  "annual_target": 188000000,
  "actual_bookings": 177357260.60569188,
  "sao_shadow_price": 3070.0045822246534
}