period,month,quarter,target_revenue
1,1,1,10312500.0
2,2,1,12187500.0
3,3,1,13125000.000000002
4,4,2,17812500.0
5,5,2,14062500.0
6,6,2,15000000.0
7,7,3,17812500.0
8,8,3,14625000.0
9,9,3,15937500.000000002
10,10,4,19687500.0
11,11,4,19125000.0
12,12,4,17812500.0
